{
  "results": [
    {
      "modelDir": "3D BENCHY",
      "file": "3dbenchy.stl",
      "aabbIou": 0.011199085127133086,
      "surfaceAreaRatio": 0.06361937562188491,
      "volumeRatio": 0.02143549572310843,
      "chamfer": {
        "meanAB": 0.19983271793315358,
        "meanBA": 0.023903160883178932,
        "p95AB": 0.3609681397756427,
        "p95BA": 0.04876255656597679,
        "maxAB": 0.4666669965289608,
        "maxBA": 0.05864500438480872
      }
    }
  ]
}